{"metadata":{"asset_id":"518f83e0-93c1-4646-af03-da8eeefcb425","asset_attributes":["data_asset"],"name":"simulated_user_comments.csv","asset_type":"data_asset","created_at":"2021-01-08T21:36:04Z","description":"","origin_country":"us","owner_id":"IBMid-5500068DNW","project_id":"e22eadf8-ca5d-4842-9c83-718551db52bd","size":5188723,"tags":[],"usage":{"last_update_time":1610141765411,"last_updated_at":"2021-01-08T21:36:05Z"}},"entity":{"data_asset":{"mime_type":"text/csv","dataset":false}},"attachments":[{"id":"898311cd-ae87-4c6d-9963-e08fd8a5d764","version":2,"asset_type":"data_asset","name":"simulated_user_comments.csv","mime":"text/csv","datasource_type":"193a97c1-4475-4a19-b90c-295c4fdc6517","object_key":"simulated_user_comments.csv","creator_id":"iam-ServiceId-f49c5558-c247-4983-a04f-7d3c7a3d55da","create_time":1610141765239,"size":5188723,"is_remote":false,"is_managed":false,"is_referenced":true,"is_object_key_read_only":false,"is_user_provided_path_key":true,"transfer_complete":true,"is_partitioned":false,"complete_time_ticks":1610141765239,"user_data":{},"test_doc":0,"handle":{"bucket":"performancebusinessmetricscasestu-donotdelete-pr-jmtor6rvp8cjek","location":"us-geo","key":"simulated_user_comments.csv","upload_id":"done","max_part_num":1},"usage":{"access_count":0,"last_accessor_id":"iam-ServiceId-f49c5558-c247-4983-a04f-7d3c7a3d55da","last_access_time":1610141765239}}]}
