{"metadata":{"asset_id":"a982e2c5-2fbe-4494-ad04-c84ba9a1bf76","asset_attributes":["data_asset"],"name":"simulation_data.csv","asset_type":"data_asset","created_at":"2021-01-08T21:36:04Z","description":"","origin_country":"us","owner_id":"IBMid-5500068DNW","project_id":"e22eadf8-ca5d-4842-9c83-718551db52bd","size":120671,"tags":[],"usage":{"last_update_time":1610141765314,"last_updated_at":"2021-01-08T21:36:05Z"}},"entity":{"data_asset":{"mime_type":"text/csv","dataset":false}},"attachments":[{"id":"9df8a501-bcea-41ce-ac1e-ee62f9c4fdaa","version":2,"asset_type":"data_asset","name":"simulation_data.csv","mime":"text/csv","datasource_type":"193a97c1-4475-4a19-b90c-295c4fdc6517","object_key":"simulation_data.csv","creator_id":"iam-ServiceId-f49c5558-c247-4983-a04f-7d3c7a3d55da","create_time":1610141765171,"size":120671,"is_remote":false,"is_managed":false,"is_referenced":true,"is_object_key_read_only":false,"is_user_provided_path_key":true,"transfer_complete":true,"is_partitioned":false,"complete_time_ticks":1610141765171,"user_data":{},"test_doc":0,"handle":{"bucket":"performancebusinessmetricscasestu-donotdelete-pr-jmtor6rvp8cjek","location":"us-geo","key":"simulation_data.csv","upload_id":"done","max_part_num":1},"usage":{"access_count":0,"last_accessor_id":"iam-ServiceId-f49c5558-c247-4983-a04f-7d3c7a3d55da","last_access_time":1610141765171}}]}
