{"metadata":{"asset_id":"1dc4e82b-6072-4c9b-bb18-71e9170fb11c","asset_attributes":["notebook"],"name":"Performance_Business_Metrics-case-study","asset_type":"notebook","created_at":"2021-01-08T21:36:05Z","description":"","origin_country":"us","owner_id":"iam-ServiceId-9e68bc5f-c5f6-4f6f-8bcf-e57f47b9d1b1","project_id":"e22eadf8-ca5d-4842-9c83-718551db52bd","size":32819,"tags":["notebook"],"usage":{"last_update_time":1610141907151,"last_updated_at":"2021-01-08T21:38:27Z"}},"entity":{"notebook":{"kernel":{"name":"python3","display_name":"Python 3.7","language":"python"},"originates_from":{"type":"file"},"runtime":{"environment":"conda4py37-e22eadf8-ca5d-4842-9c83-718551db52bd"}}},"attachments":[{"id":"823d26ae-9e4e-47e2-b274-242a6662ede1","version":2,"asset_type":"notebook","name":"attachment for notebook 1dc4e82b-6072-4c9b-bb18-71e9170fb11c","description":"attachment for notebook 1dc4e82b-6072-4c9b-bb18-71e9170fb11c","mime":"application/json","datasource_type":"193a97c1-4475-4a19-b90c-295c4fdc6517","object_key":"notebook/Performance_Business_Metrics-case-study_MeUqWPjUh.ipynb","creator_id":"IBMid-5500068DNW","create_time":1610141766680,"size":32819,"is_remote":false,"is_managed":false,"is_referenced":true,"is_object_key_read_only":false,"is_user_provided_path_key":true,"transfer_complete":true,"is_partitioned":false,"complete_time_ticks":1610141766680,"user_data":{},"test_doc":0,"handle":{"bucket":"performancebusinessmetricscasestu-donotdelete-pr-jmtor6rvp8cjek","location":"us-geo","key":"notebook/Performance_Business_Metrics-case-study_MeUqWPjUh.ipynb","upload_id":"done","max_part_num":1},"usage":{"access_count":0,"last_accessor_id":"IBMid-5500068DNW","last_access_time":1610141766680}}]}
