{"metadata":{"asset_id":"22aeed39-d53d-4c9c-9690-318b26183d23","asset_attributes":["notebook"],"name":"TensorFlow-case-study","asset_type":"notebook","created_at":"2021-01-08T21:44:44Z","description":"","origin_country":"us","owner_id":"iam-ServiceId-9e68bc5f-c5f6-4f6f-8bcf-e57f47b9d1b1","project_id":"08663f49-3347-4c5e-b312-f4059809cb6f","size":19431,"tags":["notebook"],"usage":{"last_update_time":1610142411533,"last_updated_at":"2021-01-08T21:46:51Z"}},"entity":{"notebook":{"kernel":{"name":"python3","display_name":"Python 3.7","language":"python"},"originates_from":{"type":"file"},"runtime":{"environment":"conda4py37-08663f49-3347-4c5e-b312-f4059809cb6f"}}},"attachments":[{"id":"b0562b79-a84e-4a93-8030-dc4ebc3f053c","version":2,"asset_type":"notebook","name":"attachment for notebook 22aeed39-d53d-4c9c-9690-318b26183d23","description":"attachment for notebook 22aeed39-d53d-4c9c-9690-318b26183d23","mime":"application/json","datasource_type":"193a97c1-4475-4a19-b90c-295c4fdc6517","object_key":"notebook/TensorFlow-case-study_W6yasT5YU.ipynb","creator_id":"IBMid-5500068DNW","create_time":1610142285064,"size":19431,"is_remote":false,"is_managed":false,"is_referenced":true,"is_object_key_read_only":false,"is_user_provided_path_key":true,"transfer_complete":true,"is_partitioned":false,"complete_time_ticks":1610142285064,"user_data":{},"test_doc":0,"handle":{"bucket":"tensorflowcasestudyws-donotdelete-pr-rubbdmdl5uwypu","location":"us-geo","key":"notebook/TensorFlow-case-study_W6yasT5YU.ipynb","upload_id":"done","max_part_num":1},"usage":{"access_count":0,"last_accessor_id":"IBMid-5500068DNW","last_access_time":1610142285064}}]}
