{"metadata":{"asset_id":"8a314436-047d-42bf-8b67-8797d1c1af0b","asset_attributes":["data_asset"],"name":"movie_reviews.csv","asset_type":"data_asset","created_at":"2021-01-08T22:06:57Z","description":"","origin_country":"us","owner_id":"IBMid-5500068DNW","project_id":"86cbf9ad-652a-4b7c-9035-d804fa95d555","size":7910521,"tags":[],"usage":{"last_update_time":1610143618573,"last_updated_at":"2021-01-08T22:06:58Z"}},"entity":{"data_asset":{"mime_type":"text/csv","dataset":false}},"attachments":[{"id":"20d08d37-c381-4b0c-82a7-9b45c31b1a73","version":2,"asset_type":"data_asset","name":"movie_reviews.csv","mime":"text/csv","datasource_type":"193a97c1-4475-4a19-b90c-295c4fdc6517","object_key":"movie_reviews.csv","creator_id":"iam-ServiceId-f49c5558-c247-4983-a04f-7d3c7a3d55da","create_time":1610143618429,"size":7910521,"is_remote":false,"is_managed":false,"is_referenced":true,"is_object_key_read_only":false,"is_user_provided_path_key":true,"transfer_complete":true,"is_partitioned":false,"complete_time_ticks":1610143618429,"user_data":{},"test_doc":0,"handle":{"bucket":"topicmodelingcasestudyws-donotdelete-pr-zcfzzcipzdq451","location":"us-geo","key":"movie_reviews.csv","upload_id":"done","max_part_num":1},"usage":{"access_count":0,"last_accessor_id":"iam-ServiceId-f49c5558-c247-4983-a04f-7d3c7a3d55da","last_access_time":1610143618429}}]}
