{"metadata":{"asset_id":"4e8d0397-646a-4907-8a33-6fcc16a5f082","asset_attributes":["notebook"],"name":"topic_modeling-case-study","asset_type":"notebook","created_at":"2021-01-08T22:06:59Z","description":"","origin_country":"us","owner_id":"iam-ServiceId-9e68bc5f-c5f6-4f6f-8bcf-e57f47b9d1b1","project_id":"86cbf9ad-652a-4b7c-9035-d804fa95d555","size":20564,"tags":["notebook"],"usage":{"last_update_time":1610143725497,"last_updated_at":"2021-01-08T22:08:45Z"}},"entity":{"notebook":{"kernel":{"name":"python3","display_name":"Python 3.7","language":"python"},"originates_from":{"type":"file"},"runtime":{"environment":"conda4py37-86cbf9ad-652a-4b7c-9035-d804fa95d555"}}},"attachments":[{"id":"d551b592-f909-469d-8a5b-37d0c27b26ec","version":2,"asset_type":"notebook","name":"attachment for notebook 4e8d0397-646a-4907-8a33-6fcc16a5f082","description":"attachment for notebook 4e8d0397-646a-4907-8a33-6fcc16a5f082","mime":"application/json","datasource_type":"193a97c1-4475-4a19-b90c-295c4fdc6517","object_key":"notebook/topic_modeling-case-study_-5gHAFpoR.ipynb","creator_id":"IBMid-5500068DNW","create_time":1610143620029,"size":20564,"is_remote":false,"is_managed":false,"is_referenced":true,"is_object_key_read_only":false,"is_user_provided_path_key":true,"transfer_complete":true,"is_partitioned":false,"complete_time_ticks":1610143620029,"user_data":{},"test_doc":0,"handle":{"bucket":"topicmodelingcasestudyws-donotdelete-pr-zcfzzcipzdq451","location":"us-geo","key":"notebook/topic_modeling-case-study_-5gHAFpoR.ipynb","upload_id":"done","max_part_num":1},"usage":{"access_count":0,"last_accessor_id":"IBMid-5500068DNW","last_access_time":1610143620029}}]}
