{"metadata":{"asset_id":"6016f420-7ea8-4ffa-95b2-de33b814f9e7","asset_attributes":["data_asset"],"name":"world-happiness.csv","asset_type":"data_asset","created_at":"2021-01-08T21:52:42Z","description":"","origin_country":"us","owner_id":"IBMid-5500068DNW","project_id":"86911000-96ef-45b3-a042-784903d0625f","size":72879,"tags":[],"usage":{"last_update_time":1610142763798,"last_updated_at":"2021-01-08T21:52:43Z"}},"entity":{"data_asset":{"mime_type":"text/csv","dataset":false}},"attachments":[{"id":"cd36924d-948f-44d3-a52e-c0256c0db6d2","version":2,"asset_type":"data_asset","name":"world-happiness.csv","mime":"text/csv","datasource_type":"193a97c1-4475-4a19-b90c-295c4fdc6517","object_key":"world-happiness.csv","creator_id":"iam-ServiceId-f49c5558-c247-4983-a04f-7d3c7a3d55da","create_time":1610142763627,"size":72879,"is_remote":false,"is_managed":false,"is_referenced":true,"is_object_key_read_only":false,"is_user_provided_path_key":true,"transfer_complete":true,"is_partitioned":false,"complete_time_ticks":1610142763627,"user_data":{},"test_doc":0,"handle":{"bucket":"datavisualizationunitws-donotdelete-pr-f2i9ilcdj87t84","location":"us-geo","key":"world-happiness.csv","upload_id":"done","max_part_num":1},"usage":{"access_count":0,"last_accessor_id":"iam-ServiceId-f49c5558-c247-4983-a04f-7d3c7a3d55da","last_access_time":1610142763627}}]}
