{"metadata":{"asset_id":"738885cc-ea76-464c-8d14-c9f8505b1d9a","asset_attributes":["data_asset"],"name":"make-happiness-summary-plot.py","asset_type":"data_asset","created_at":"2021-01-08T21:52:42Z","description":"","origin_country":"us","owner_id":"IBMid-5500068DNW","project_id":"86911000-96ef-45b3-a042-784903d0625f","size":3911,"tags":[],"usage":{"last_update_time":1610142763617,"last_updated_at":"2021-01-08T21:52:43Z"}},"entity":{"data_asset":{"mime_type":"text/x-script.python","dataset":false}},"attachments":[{"id":"b0ac3f68-8cfa-4dd5-8155-8bbffabe006b","version":2,"asset_type":"data_asset","name":"make-happiness-summary-plot.py","mime":"text/x-script.python","datasource_type":"193a97c1-4475-4a19-b90c-295c4fdc6517","object_key":"make-happiness-summary-plot.py","creator_id":"iam-ServiceId-f49c5558-c247-4983-a04f-7d3c7a3d55da","create_time":1610142763435,"size":3911,"is_remote":false,"is_managed":false,"is_referenced":true,"is_object_key_read_only":false,"is_user_provided_path_key":true,"transfer_complete":true,"is_partitioned":false,"complete_time_ticks":1610142763435,"user_data":{},"test_doc":0,"handle":{"bucket":"datavisualizationunitws-donotdelete-pr-f2i9ilcdj87t84","location":"us-geo","key":"make-happiness-summary-plot.py","upload_id":"done","max_part_num":1},"usage":{"access_count":0,"last_accessor_id":"iam-ServiceId-f49c5558-c247-4983-a04f-7d3c7a3d55da","last_access_time":1610142763435}}]}
