{"metadata":{"asset_id":"fc33f536-3c5b-4bb4-9ae4-84c5c99686fe","asset_attributes":["notebook"],"name":"m2-u2-data-visualization","asset_type":"notebook","created_at":"2021-01-08T21:52:44Z","description":"","origin_country":"us","owner_id":"iam-ServiceId-9e68bc5f-c5f6-4f6f-8bcf-e57f47b9d1b1","project_id":"86911000-96ef-45b3-a042-784903d0625f","size":281487,"tags":["notebook"],"usage":{"last_update_time":1610142874166,"last_updated_at":"2021-01-08T21:54:34Z"}},"entity":{"notebook":{"kernel":{"name":"python3","display_name":"Python 3.7","language":"python"},"originates_from":{"type":"file"},"runtime":{"environment":"conda4py37-86911000-96ef-45b3-a042-784903d0625f"}}},"attachments":[{"id":"5b11ebd3-a6c8-4aec-a672-a51447d482a6","version":2,"asset_type":"notebook","name":"attachment for notebook fc33f536-3c5b-4bb4-9ae4-84c5c99686fe","description":"attachment for notebook fc33f536-3c5b-4bb4-9ae4-84c5c99686fe","mime":"application/json","datasource_type":"193a97c1-4475-4a19-b90c-295c4fdc6517","object_key":"notebook/m2-u2-data-visualization_4_tTa2-CI.ipynb","creator_id":"IBMid-5500068DNW","create_time":1610142765356,"size":281487,"is_remote":false,"is_managed":false,"is_referenced":true,"is_object_key_read_only":false,"is_user_provided_path_key":true,"transfer_complete":true,"is_partitioned":false,"complete_time_ticks":1610142765356,"user_data":{},"test_doc":0,"handle":{"bucket":"datavisualizationunitws-donotdelete-pr-f2i9ilcdj87t84","location":"us-geo","key":"notebook/m2-u2-data-visualization_4_tTa2-CI.ipynb","upload_id":"done","max_part_num":1},"usage":{"access_count":0,"last_accessor_id":"IBMid-5500068DNW","last_access_time":1610142765356}}]}
