{"metadata":{"asset_id":"256155a4-f687-4d73-93f9-3ad0afe0f8df","asset_attributes":["data_asset"],"name":"aavail-target.csv","asset_type":"data_asset","created_at":"2021-01-08T22:11:50Z","description":"","origin_country":"us","owner_id":"IBMid-5500068DNW","project_id":"cab9db45-d3e3-4cab-a3ff-83a35d6fd41a","size":54504,"tags":[],"usage":{"last_update_time":1610143911455,"last_updated_at":"2021-01-08T22:11:51Z"}},"entity":{"data_asset":{"mime_type":"text/csv","dataset":false}},"attachments":[{"id":"843f9ba1-328c-41a8-adaa-212d13b2d5f7","version":2,"asset_type":"data_asset","name":"aavail-target.csv","mime":"text/csv","datasource_type":"193a97c1-4475-4a19-b90c-295c4fdc6517","object_key":"aavail-target.csv","creator_id":"iam-ServiceId-f49c5558-c247-4983-a04f-7d3c7a3d55da","create_time":1610143911338,"size":54504,"is_remote":false,"is_managed":false,"is_referenced":true,"is_object_key_read_only":false,"is_user_provided_path_key":true,"transfer_complete":true,"is_partitioned":false,"complete_time_ticks":1610143911338,"user_data":{},"test_doc":0,"handle":{"bucket":"clusteringcasestudyws-donotdelete-pr-fem9ai45jetmgo","location":"us-geo","key":"aavail-target.csv","upload_id":"done","max_part_num":1},"usage":{"access_count":0,"last_accessor_id":"iam-ServiceId-f49c5558-c247-4983-a04f-7d3c7a3d55da","last_access_time":1610143911338}}]}
