{"metadata":{"asset_id":"212f3af4-5be0-43f5-9ca5-07dc0b84a12b","asset_attributes":["notebook"],"name":"clustering-case-study","asset_type":"notebook","created_at":"2021-01-08T22:11:55Z","description":"","origin_country":"us","owner_id":"iam-ServiceId-9e68bc5f-c5f6-4f6f-8bcf-e57f47b9d1b1","project_id":"cab9db45-d3e3-4cab-a3ff-83a35d6fd41a","size":23661,"tags":["notebook"],"usage":{"last_update_time":1610144018662,"last_updated_at":"2021-01-08T22:13:38Z"}},"entity":{"notebook":{"kernel":{"name":"python3","display_name":"Python 3.7","language":"python"},"originates_from":{"type":"file"},"runtime":{"environment":"conda4py37-cab9db45-d3e3-4cab-a3ff-83a35d6fd41a"}}},"attachments":[{"id":"b67793e5-f270-4921-8d7b-4ea81cedc37b","version":2,"asset_type":"notebook","name":"attachment for notebook 212f3af4-5be0-43f5-9ca5-07dc0b84a12b","description":"attachment for notebook 212f3af4-5be0-43f5-9ca5-07dc0b84a12b","mime":"application/json","datasource_type":"193a97c1-4475-4a19-b90c-295c4fdc6517","object_key":"notebook/clustering-case-study_eD0Iw-Ip4.ipynb","creator_id":"IBMid-5500068DNW","create_time":1610143915527,"size":23661,"is_remote":false,"is_managed":false,"is_referenced":true,"is_object_key_read_only":false,"is_user_provided_path_key":true,"transfer_complete":true,"is_partitioned":false,"complete_time_ticks":1610143915527,"user_data":{},"test_doc":0,"handle":{"bucket":"clusteringcasestudyws-donotdelete-pr-fem9ai45jetmgo","location":"us-geo","key":"notebook/clustering-case-study_eD0Iw-Ip4.ipynb","upload_id":"done","max_part_num":1},"usage":{"access_count":0,"last_accessor_id":"IBMid-5500068DNW","last_access_time":1610143915527}}]}
